{"channels":[{"isSelected":true,"name":"推荐","tag":"__all__"},{"isSelected":true,"name":"热点","tag":"news_hot"},{"isSelected":true,"name":"社会","tag":"news_society"},{"isSelected":true,"name":"娱乐","tag":"news_entertainment"},{"isSelected":true,"name":"科技","tag":"news_tech"},{"isSelected":true,"name":"军事","tag":"news_military"},{"isSelected":true,"name":"体育","tag":"news_sports"},{"isSelected":true,"name":"汽车","tag":"news_car"},{"isSelected":false,"name":"财经","tag":"news_finance"},{"isSelected":false,"name":"国际","tag":"news_world"},{"isSelected":false,"name":"时尚","tag":"news_fashion"},{"isSelected":false,"name":"旅游","tag":"news_travel"},{"isSelected":false,"name":"探索","tag":"news_discovery"},{"isSelected":false,"name":"育儿","tag":"news_baby"},{"isSelected":false,"name":"养生","tag":"news_regimen"},{"isSelected":false,"name":"故事","tag":"news_story"},{"isSelected":false,"name":"美文","tag":"news_essay"},{"isSelected":false,"name":"游戏","tag":"news_game"},{"isSelected":false,"name":"历史","tag":"news_history"},{"isSelected":false,"name":"美食","tag":"news_food"}]}